{"epochs": [1, 2, 3, 4, 5, 6, 7, 8, 9, 10, 11, 12, 13, 14, 15, 16, 17, 18, 19, 20, 21, 22, 23, 24, 25, 26, 27, 28, 29, 30, 31, 32, 33, 34, 35, 36, 37, 38, 39, 40, 41, 42, 43, 44, 45, 46, 47, 48, 49, 50, 51, 52, 53, 54, 55, 56, 57, 58, 59, 60, 61, 62, 63, 64, 65, 66, 67, 68, 69, 70, 71, 72, 73, 74, 75, 76, 77, 78, 79, 80, 81, 82, 83, 84, 85, 86, 87, 88, 89, 90, 91], "loss": [2.0988121032714844, 0.9981118440628052, 0.48419272899627686, 0.33689430356025696, 0.27353614568710327, 0.22654271125793457, 0.20211374759674072, 0.20147891342639923, 0.16711091995239258, 0.1720636934041977, 0.15591509640216827, 0.1552126258611679, 0.14515471458435059, 0.14687490463256836, 0.14440080523490906, 0.12783361971378326, 0.12628774344921112, 0.11778821796178818, 0.12678812444210052, 0.11255481839179993, 0.10332236438989639, 0.11129063367843628, 0.10235096514225006, 0.10495009273290634, 0.10498899221420288, 0.1034281849861145, 0.0926617980003357, 0.09799419343471527, 0.09292024374008179, 0.09135866165161133, 0.08576410263776779, 0.0828537866473198, 0.07644926756620407, 0.07750291377305984, 0.08716925233602524, 0.0733766108751297, 0.07113183289766312, 0.07103796303272247, 0.07416815310716629, 0.084060899913311, 0.07016927003860474, 0.06945136189460754, 0.07374802976846695, 0.062313687056303024, 0.0603533498942852, 0.061634767800569534, 0.06485466659069061, 0.058729711920022964, 0.06007414311170578, 0.057470258325338364, 0.05996119603514671, 0.0570698007941246, 0.06432094424962997, 0.056223876774311066, 0.056242603808641434, 0.05834035575389862, 0.04963081330060959, 0.0491909421980381, 0.058675382286310196, 0.05496896058320999, 0.04467683285474777, 0.052942968904972076, 0.04799516499042511, 0.043293021619319916, 0.04293446242809296, 0.0467667356133461, 0.042615119367837906, 0.042042188346385956, 0.04106314480304718, 0.04468892514705658, 0.04158379137516022, 0.03953774273395538, 0.041840966790914536, 0.03923549875617027, 0.05125417187809944, 0.04660533741116524, 0.03595282882452011, 0.03907811641693115, 0.035869915038347244, 0.034877024590969086, 0.0379570834338665, 0.03667101263999939, 0.03641732037067413, 0.03576156497001648, 0.034338757395744324, 0.03748242184519768, 0.035056501626968384, 0.0372324101626873, 0.0388188511133194, 0.03393140435218811, 0.03806549683213234], "val_loss": [2.2863783836364746, 1.503226399421692, 0.8807863593101501, 0.5147940516471863, 0.31895098090171814, 0.22235757112503052, 0.1759045422077179, 0.1568361222743988, 0.14186663925647736, 0.13686275482177734, 0.12774811685085297, 0.12286050617694855, 0.11691591143608093, 0.1157890185713768, 0.11479641497135162, 0.10896112769842148, 0.10840079188346863, 0.10762111097574234, 0.10159026086330414, 0.09396634995937347, 0.0976049080491066, 0.08894217759370804, 0.09239767491817474, 0.09267422556877136, 0.09114665538072586, 0.08637989312410355, 0.08046269416809082, 0.07668960839509964, 0.07501763105392456, 0.08137217909097672, 0.07316313683986664, 0.06955226510763168, 0.07398147135972977, 0.06688544899225235, 0.0728457123041153, 0.06537113338708878, 0.06893976777791977, 0.06702285259962082, 0.06761014461517334, 0.06874284148216248, 0.06250352412462234, 0.06355898082256317, 0.0753956064581871, 0.05908690020442009, 0.06640692055225372, 0.060277510434389114, 0.05945636332035065, 0.057218194007873535, 0.06414034217596054, 0.09342555701732635, 0.062112148851156235, 0.061380691826343536, 0.053958483040332794, 0.05834617093205452, 0.053818926215171814, 0.05492367222905159, 0.05078069865703583, 0.044173963367938995, 0.05799968168139458, 0.04399010166525841, 0.047282978892326355, 0.0558764711022377, 0.08068189769983292, 0.053696028888225555, 0.06062072515487671, 0.0479867160320282, 0.0444277748465538, 0.059477370232343674, 0.05369368940591812, 0.05474361404776573, 0.048874616622924805, 0.04832542687654495, 0.05231517180800438, 0.04655036702752113, 0.04103629291057587, 0.03593200817704201, 0.03670775145292282, 0.03785550594329834, 0.042660269886255264, 0.0413544625043869, 0.0379556342959404, 0.044025056064128876, 0.047036975622177124, 0.04408516362309456, 0.04273969680070877, 0.043184079229831696, 0.044613439589738846, 0.04138161614537239, 0.04259505495429039, 0.04267899692058563, 0.043954722583293915], "accuracy": [0.4313443601131439, 0.869877815246582, 0.9683680534362793, 0.9690870046615601, 0.9748382568359375, 0.9849029183387756, 0.9849029183387756, 0.9827462434768677, 0.9942487478256226, 0.9863407611846924, 0.9899352788925171, 0.9892163872718811, 0.9913731217384338, 0.9913731217384338, 0.9877786040306091, 0.9928109049797058, 0.9949676394462585, 0.9928109049797058, 0.9884974956512451, 0.9920920133590698, 0.9949676394462585, 0.9892163872718811, 0.9935298562049866, 0.9920920133590698, 0.9892163872718811, 0.9884974956512451, 0.9935298562049866, 0.9928109049797058, 0.9920920133590698, 0.9899352788925171, 0.9942487478256226, 0.9942487478256226, 0.9964054822921753, 0.9949676394462585, 0.9906542301177979, 0.9964054822921753, 0.9942487478256226, 0.9949676394462585, 0.9949676394462585, 0.9899352788925171, 0.9949676394462585, 0.9928109049797058, 0.9906542301177979, 0.9964054822921753, 0.9949676394462585, 0.9949676394462585, 0.9928109049797058, 0.9942487478256226, 0.9935298562049866, 0.9964054822921753, 0.9935298562049866, 0.9964054822921753, 0.9920920133590698, 0.9949676394462585, 0.9949676394462585, 0.9906542301177979, 0.9971243739128113, 0.9964054822921753, 0.9935298562049866, 0.9942487478256226, 0.9978432655334473, 0.9942487478256226, 0.9935298562049866, 0.9971243739128113, 0.9964054822921753, 0.9949676394462585, 0.9956865310668945, 0.9971243739128113, 0.9978432655334473, 0.9935298562049866, 0.9956865310668945, 0.9971243739128113, 0.9949676394462585, 0.9949676394462585, 0.9942487478256226, 0.9935298562049866, 0.9985621571540833, 0.9956865310668945, 0.9978432655334473, 0.9971243739128113, 0.9964054822921753, 0.9964054822921753, 0.9971243739128113, 0.9964054822921753, 0.9978432655334473, 0.9971243739128113, 0.9978432655334473, 0.9956865310668945, 0.9949676394462585, 0.9971243739128113, 0.9949676394462585], "val_accuracy": [0.8724831938743591, 0.9899328947067261, 0.9865771532058716, 0.9932885766029358, 0.9932885766029358, 0.9966443181037903, 0.9966443181037903, 0.9932885766029358, 0.9932885766029358, 0.9932885766029358, 0.9932885766029358, 0.9932885766029358, 0.9932885766029358, 0.9932885766029358, 0.9899328947067261, 0.9932885766029358, 0.9899328947067261, 0.9899328947067261, 0.9932885766029358, 0.9966443181037903, 0.9899328947067261, 0.9966443181037903, 0.9932885766029358, 0.9932885766029358, 0.9932885766029358, 0.9966443181037903, 0.9966443181037903, 0.9966443181037903, 0.9932885766029358, 0.9932885766029358, 0.9966443181037903, 0.9966443181037903, 0.9932885766029358, 0.9966443181037903, 0.9932885766029358, 0.9966443181037903, 0.9932885766029358, 0.9932885766029358, 0.9899328947067261, 0.9899328947067261, 0.9932885766029358, 0.9966443181037903, 0.9865771532058716, 0.9966443181037903, 0.9865771532058716, 0.9966443181037903, 0.9932885766029358, 0.9932885766029358, 0.9899328947067261, 0.9899328947067261, 0.9899328947067261, 0.9932885766029358, 0.9966443181037903, 0.9932885766029358, 0.9899328947067261, 0.9932885766029358, 0.9932885766029358, 0.9966443181037903, 0.9932885766029358, 1.0, 0.9966443181037903, 0.9899328947067261, 0.9865771532058716, 0.9899328947067261, 0.9865771532058716, 0.9899328947067261, 0.9932885766029358, 0.9899328947067261, 0.9865771532058716, 0.9865771532058716, 0.9966443181037903, 0.9932885766029358, 0.9932885766029358, 0.9932885766029358, 0.9932885766029358, 0.9966443181037903, 0.9966443181037903, 0.9932885766029358, 0.9932885766029358, 0.9932885766029358, 0.9932885766029358, 0.9932885766029358, 0.9932885766029358, 0.9932885766029358, 0.9932885766029358, 0.9865771532058716, 0.9865771532058716, 0.9899328947067261, 0.9932885766029358, 0.9932885766029358, 0.9932885766029358]}